provider,capture_date,capture_time_cet,payment_method,amount_eur,mid_rate,recipient_inr,fee_eur,rate,promo_rate,fx_margin,notes
Wise,2026-09-30,10:47,bank transfer,100,108.793,10707.41,1.58,108.793,,0.0,Auto-scraped; mid rate = Wise live mid
Wise,2026-09-30,10:47,bank transfer,500,108.793,53977.65,3.85,108.793,,0.0,Auto-scraped; mid rate = Wise live mid
Wise,2026-09-30,10:47,bank transfer,1000,108.793,108066.26,6.68,108.793,,0.0,Auto-scraped; mid rate = Wise live mid
Wise,2026-09-30,10:47,bank transfer,2000,108.793,216241.32,12.36,108.793,,0.0,Auto-scraped; mid rate = Wise live mid
Wise,2026-09-30,10:47,bank transfer,5000,108.793,540770.84,29.36,108.793,,0.0,Auto-scraped; mid rate = Wise live mid
Wise,2026-09-30,10:47,debit card,100,108.793,10622.55,2.36,108.793,,0.0,Auto-scraped; mid rate = Wise live mid
Wise,2026-09-30,10:47,debit card,500,108.793,53551.18,7.77,108.793,,0.0,Auto-scraped; mid rate = Wise live mid
Wise,2026-09-30,10:47,debit card,1000,108.793,107214.41,14.51,108.793,,0.0,Auto-scraped; mid rate = Wise live mid
Wise,2026-09-30,10:47,debit card,2000,108.793,214534.36,28.05,108.793,,0.0,Auto-scraped; mid rate = Wise live mid
Wise,2026-09-30,10:47,debit card,5000,108.793,536505.06,68.57,108.793,,0.0,Auto-scraped; mid rate = Wise live mid
Wise,2026-09-30,10:47,credit card,100,108.793,10557.27,2.96,108.793,,0.0,Auto-scraped; mid rate = Wise live mid
Wise,2026-09-30,10:47,credit card,500,108.793,53224.8,10.77,108.793,,0.0,Auto-scraped; mid rate = Wise live mid
Wise,2026-09-30,10:47,credit card,1000,108.793,106560.57,20.52,108.793,,0.0,Auto-scraped; mid rate = Wise live mid
Wise,2026-09-30,10:47,credit card,2000,108.793,213231.02,40.03,108.793,,0.0,Auto-scraped; mid rate = Wise live mid
Wise,2026-09-30,10:47,credit card,5000,108.793,533242.36,98.56,108.793,,0.0,Auto-scraped; mid rate = Wise live mid
